student_id,arrival_time
0,0.288204983653991
1,0.3640627551115088
2,0.4627691254130294
3,0.610572578870962
4,0.7306580563312371
5,0.9741532753988283
6,1.5642012648091659
7,1.59113809146947
8,1.8116755780437672
9,2.089061173200546
10,2.267747340196332
11,2.493085075119484
12,3.201171841474654
13,3.5180490164981815
14,3.655947471439735
15,3.7510527250800387
16,3.7715457064326716
17,3.8799176552432186
18,3.9634259959824814
19,4.045122185510845
20,4.34319931917919
21,4.518798508346756
22,4.6725690919520435
23,4.766765162426634
24,4.902540622123228
25,5.019337372355106
26,5.399722800713842
27,5.697107976375259
28,5.9589699986720674
29,6.037726030632036
30,6.133077008829129
31,6.295230925166335
32,6.880109887407666
33,7.2557696201053385
34,7.257686853335511
35,7.280209423172412
36,7.759307500757403
37,7.935765172511313
38,7.9735836999547365
39,8.055630923571055
40,8.295908103787939
41,8.502048224671315
42,9.305839092008574
43,9.579513926214384
44,9.619701902128389
45,9.758764730364875
46,9.83318437150665
47,10.01600814716531
48,10.028188004448298
49,10.060895943424967
50,10.326322738155323
51,10.413278107761471
52,10.536461738739266
53,11.079076662329276
54,11.553939680618285
55,11.752972439092458
56,11.78569086552554
57,11.80200462639281
58,12.078351215083087
59,12.088761796466244
60,12.297163012993956
61,12.618381437492186
62,12.85579063254621
63,12.915955441078026
64,13.390296642190677
65,13.46328678994346
66,13.690908292982376
67,13.727856966149046
68,14.000506906479615
69,14.230185971071407
70,14.326924396946978
71,14.387577783275578
72,15.50854953879306
73,15.513049502609249
74,15.831811327831874
75,16.258066375115416
76,16.647111147082356
77,16.924303695920624
78,17.3160581097113
79,17.5338482350914
80,17.610584527973995
81,17.70387428925248
82,17.952719574924842
83,18.067866703150788
84,18.103410825510746
85,18.17149312452625
86,19.1154281815176
87,19.176815670276426
88,19.648626741010208
89,19.917220127480032
90,20.273780671397365
91,20.278237139421684
92,20.364026384215247
93,20.45593010515807
94,21.236992855094396
95,21.307068072187818
96,21.451559171559037
97,22.065884409898274
98,22.285863948781298
99,22.355587602247354
100,22.614057701774136
101,23.005090360703583
102,23.0230896961261
103,23.12893382164308
104,23.347432462686076
105,23.49607032954725
106,23.58605714535202
107,23.94280681008595
108,24.145465794406558
109,24.17258667400538
110,24.943722466098738
111,24.95260471356223
112,25.020876411389636
113,25.030719408556767
114,25.07992461864038
115,25.388504813252638
116,26.035857689967415
117,26.681944790293088
118,27.548325234618545
119,27.70791482798739
120,28.352922037998667
121,28.39588779071084
122,28.61711653939217
123,28.707735297609005
124,28.892976034204693
125,28.93564556214387
126,28.972197597805657
127,29.45819049794476
128,29.76464776485911
129,30.04833813852689
130,30.12337894752507
131,30.40947092609048
132,30.548766215669186
133,30.810337145256142
134,30.975352586040565
135,31.1702960210617
136,31.54486700020724
137,31.61681233112836
138,31.622040283711044
139,32.48988492566996
140,32.68261116141452
141,32.87865511033524
142,33.018034060392445
143,33.715231354740766
144,33.925541901406596
145,34.09408212698198
146,34.25292423994609
147,34.522534699427034
148,34.8328445577373
149,35.1593490832089
150,35.90019345494771
151,36.269484727719785
152,36.701792341252215
153,36.93237909424353
154,36.97279273042125
155,37.02690097542082
156,37.4861104283433
157,37.831497057679236
158,38.02619331140743
159,38.08530457323511
160,38.38264418827684
161,38.83253574421863
162,38.98247196669017
163,39.27115262318798
164,39.39661947585568
165,39.469389911276004
166,39.60236908689406
167,39.760850417887916
168,40.42534126427369
169,40.95546627850406
170,41.097494475457864
171,41.58012570700473
172,41.918312068522305
173,42.01817991019803
174,42.07751600388571
175,42.18824346971226
176,42.75469784967399
177,42.89627666596863
178,42.92751764075432
179,42.97606058383167
180,42.984322089528774
181,43.046548513788665
182,43.046890134729765
183,43.117450141792354
184,43.28201278392531
185,43.74866978765612
186,43.81340205894993
187,43.85249267724621
188,43.899052849577096
189,44.0370987880267
190,44.24367448590719
191,44.85600729571566
192,45.019699484331795
193,45.3644132197784
194,45.38830499507506
195,46.11687524221368
196,47.41004626456588
197,47.74628799772276
198,47.81975487762367
199,47.842267509994436
200,48.53741662507625
201,48.769753574990936
202,48.884786348779016
203,49.0077850742095
204,49.18926130700155
205,49.39523267088721
206,49.627131510670445
207,49.65864323200087
208,49.82467167585888
209,49.83290926828799
210,50.00254287722306
211,50.464278645633556
212,50.58739756125055
213,50.842033942421395
214,50.91713102196572
215,50.98474423787213
216,51.22455105265663
217,51.84503209880296
218,51.84648493835429
219,52.58928496844942
220,52.68698895481477
221,52.85640955960087
222,52.91801130483882
223,53.09984982456417
224,53.14157674600151
225,53.149190998968685
226,53.2115329140055
227,53.38541996738545
228,53.38760022549128
229,53.43941265307904
230,53.486005397376445
231,53.788342704712676
232,53.88553182247086
233,53.91315358356252
234,54.196341104407345
235,54.698862560229465
236,54.98326333345242
237,55.124803234161156
238,55.96752390415896
239,56.159425433018384
240,56.236631136677744
241,56.27058584065441
242,56.30825370349658
243,56.868663697358514
244,57.36954119186488
245,57.43646324996207
246,57.71317161192381
247,57.84936113842787
248,58.127081230135545
249,58.39214593626384
250,58.70869110097486
251,58.95371873437388
252,59.107867166560254
253,59.159807948167256
254,59.322083959762644
255,59.54050872541954
256,60.214090050940236
257,60.46395145953728
258,60.50341001811732
259,60.504286079541274
260,61.064170872355234
261,61.3266328001405
262,61.407613627376456
263,62.80270873817075
264,62.849043539040515
265,63.177595286748925
266,63.53252969217682
267,63.70041607359838
268,63.74046472264422
269,63.96903654344744
270,64.13572320620644
271,64.19688642874502
272,64.60601219989327
273,64.7207473630444
274,65.51886881811105
275,66.14019751046247
276,66.22856370799646
277,66.33205403916178
278,66.66147932231003
279,66.99184765980472
280,67.06178207669224
281,67.31960569409372
282,67.52004226588015
283,67.66784632090048
284,67.758574556469
285,68.77759282912143
286,68.9988121883112
287,69.1007173853733
288,69.95296991331219
289,71.0056102719863
290,71.50549377082308
291,71.856991028521
292,72.18490213457689
293,73.23548879973569
294,73.32293871154353
295,73.50518513313
296,73.56678288891182
297,73.82715047296523
298,74.29669396520275
299,74.44113241635613
300,74.99103217506836
301,75.06931205643464
302,75.12156568369865
303,75.1303670319971
304,75.21684851016833
305,75.58355954229701
306,75.96170516724418
307,76.11848563686205
308,76.27235808488562
309,76.64572967871538
310,77.13917325907504
311,77.28027660254888
312,77.351047767166
313,77.43139464295452
314,77.4890152429999
315,78.07366871663216
316,78.16792378304484
317,78.95147931527715
318,79.96291611957685
319,80.12893078026585
320,80.17598984219181
321,80.29832762423024
322,80.87340364550755
323,81.07000868578277
324,81.09051123575203
325,81.16893090505425
326,81.322281633124
327,81.41871422727203
328,81.61554104738599
329,81.66846649247819
330,81.85247003833364
331,82.3495235288086
332,83.14308245440164
333,83.23714178975894
334,83.60804337393152
335,83.89030845935447
336,84.15697170000298
337,84.40822757668857
338,84.41162407475072
339,84.80093717653232
340,84.81675477387842
341,85.08286824703809
342,85.10062788299507
343,85.18256532760405
344,85.33517320655797
345,85.37360746160785
346,85.49962753291075
347,85.9830214775675
348,86.02281995804593
349,86.22632608817167
350,86.32280384818598
351,86.46453995900245
352,86.80857139690269
353,87.04528508684824
354,87.23630014101107
355,87.27047520555877
356,87.6739443486244
357,87.73639626141774
358,87.78159116698593
359,87.8849714758455
360,87.96029099843227
361,88.89290246928188
362,89.00932718876079
363,89.49592816622747
364,89.55508634728052
365,89.72907512996117
366,89.89598673590625
367,90.40091636138268
368,90.47436343966054
369,90.87893322522076
370,91.23967974055898
371,91.42421077958743
372,91.47212849735782
373,91.66210337819938
374,91.80282145403558
375,91.95550630799272
376,92.55654857379483
377,92.56327742188743
378,92.66471209538567
379,92.69449948892033
380,93.07240907494723
381,93.5020762735321
382,93.75806480638902
383,94.19526137389599
384,94.89340477835425
385,95.89084562896578
386,96.55266101069164
387,96.7122496601223
388,97.3716446831839
389,97.46331629693141
390,97.80560515242355
391,98.39002853808255
392,98.55942176439291
393,99.53636357295007
394,99.68935374019331
395,99.96553420724074
396,100.623308109642
397,100.66927532203262
398,100.81723193898844
399,101.46686521122903
400,101.63661446951724
401,101.90595693737806
402,102.07887041803939
403,102.32902177797696
404,102.4521941293221
405,102.89777258271937
406,103.31009901869311
407,103.45107097217476
408,103.52033339146864
409,103.57723496501895
410,103.9528342616041
411,104.0286313005084
412,104.03232439048689
413,104.62865493583814
414,104.8841846446125
415,104.9618220510585
416,105.13603275420513
417,105.1798242249056
418,105.43254659719737
419,105.85821946931104
420,105.97409444926333
421,106.05338302153416
422,106.75873669733046
423,106.89876244501966
424,107.08480675098858
425,107.13649037518499
426,107.449907072669
427,108.0828908585125
428,108.20204161501132
429,108.91343981779693
430,108.91474878472809
431,109.05650605217787
432,109.91164485505134
433,110.1668445608005
434,110.66797942988924
435,110.6911084245296
436,111.4992760467165
437,111.76470822369079
438,111.83601378102749
439,111.83980127066762
440,112.04369279728706
441,112.32632133899546
442,112.5911260161477
443,113.15449201638964
444,113.43228532337703
445,113.56487932681009
446,113.70435071136801
447,113.80888046846647
448,113.87485181654685
449,113.95090645170185
450,113.99823014036421
451,114.02518620358057
452,114.23034067865842
453,114.3914811915652
454,114.55943287827071
455,114.75976451861715
456,114.98150274642752
457,115.03121395647435
458,115.06104778022268
459,115.1318802260022
460,115.15255029471992
461,115.27757256958171
462,116.16115803591049
463,116.27248454725449
464,116.6455690896567
465,116.73211825349613
466,117.11189445742927
467,117.35889667632856
468,117.68816691653291
469,117.88501045299161
470,117.95151287880013
471,117.98067780850309
472,118.0578855491874
473,118.16274566228671
474,118.4051053836892
475,118.80634517526059
476,118.81327224749657
477,119.00187263411385
478,119.03277801796496
479,119.07021215115677
480,119.31303808118749
481,119.3431470920656
